ID_Farmer,Area [m2],
1,659.2857112,
2,1593.241145,
3,8740.815125,
4,10618.89008,
5,3067.637434,
6,6966.572801,
7,3770.908471,
8,4296.979042,
9,6693.873759,
10,6025.968744,